INSERT INTO "HidroStanica"."Reka" ("rekaid","stanicaid","gradid") VALUES ('Beli Timok','Zajecar','Zajecar');
INSERT INTO "HidroStanica"."Reka" ("rekaid","stanicaid","gradid") VALUES ('Drina','Bajina Basta','Bajina Basta');
INSERT INTO "HidroStanica"."Reka" ("rekaid","stanicaid","gradid") VALUES ('Raska','Novi Pazar','Novi Pazar');
INSERT INTO "HidroStanica"."Reka" ("rekaid","stanicaid","gradid") VALUES ('Ibar','Raska','Raska');
INSERT INTO "HidroStanica"."Reka" ("rekaid","stanicaid","gradid") VALUES ('Lim','Priboj','Priboj');
INSERT INTO "HidroStanica"."Reka" ("rekaid","stanicaid","gradid") VALUES ('Lim','Prijepolje','Prijepolje');
INSERT INTO "HidroStanica"."Reka" ("rekaid","stanicaid","gradid") VALUES ('Nisava','Nis','Nis');
INSERT INTO "HidroStanica"."Reka" ("rekaid","stanicaid","gradid") VALUES ('Nisava','Pirot','Pirot');
INSERT INTO "HidroStanica"."Reka" ("rekaid","stanicaid","gradid") VALUES ('Dunav','Novi Sad','Novi Sad');
INSERT INTO "HidroStanica"."Reka" ("rekaid","stanicaid","gradid") VALUES ('Dunav','Smederevo','Smederevo');
INSERT INTO "HidroStanica"."Reka" ("rekaid","stanicaid","gradid") VALUES ('Sava','Beograd','Beograd');

INSERT INTO "HidroStanica"."Grad" ("gradid","stanica","drzava") VALUES ('Beograd','Beograd','Srbija');
INSERT INTO "HidroStanica"."Grad" ("gradid","stanica","drzava") VALUES ('Smederevo','Smederevo','Srbija');
INSERT INTO "HidroStanica"."Grad" ("gradid","stanica","drzava") VALUES ('Zajecar','Zajecar','Srbija');
INSERT INTO "HidroStanica"."Grad" ("gradid","stanica","drzava") VALUES ('Raska','Raska','Srbija');
INSERT INTO "HidroStanica"."Grad" ("gradid","stanica","drzava") VALUES ('Novi Pazar','Novi Pazar','Srbija');
INSERT INTO "HidroStanica"."Grad" ("gradid","stanica","drzava") VALUES ('Pirot','Pirot','Srbija');
INSERT INTO "HidroStanica"."Grad" ("gradid","stanica","drzava") VALUES ('Nis','Nis','Srbija');
INSERT INTO "HidroStanica"."Grad" ("gradid","stanica","drzava") VALUES ('Novi Sad','Novi Sad','Srbija');
INSERT INTO "HidroStanica"."Grad" ("gradid","stanica","drzava") VALUES ('Prijepolje','Prijepolje','Srbija');
INSERT INTO "HidroStanica"."Grad" ("gradid","stanica","drzava") VALUES ('Priboj','Priboj','Srbija');
INSERT INTO "HidroStanica"."Grad" ("gradid","stanica","drzava") VALUES ('Bajina Basta','Bajina Basta','Srbija');

INSERT INTO "HidroStanica"."StanjeStanica" ("stanicaid","rekaid","mesec","dan","sat","promenavodostaja","proticaj","temperatura","vodostaj") VALUES ('Beograd','Sava','april',16,9,2,99,4,29);
INSERT INTO "HidroStanica"."StanjeStanica" ("stanicaid","rekaid","mesec","dan","sat","promenavodostaja","proticaj","temperatura","vodostaj") VALUES ('Beograd','Sava','april',16,12,9,200,6,35);
INSERT INTO "HidroStanica"."StanjeStanica" ("stanicaid","rekaid","mesec","dan","sat","promenavodostaja","proticaj","temperatura","vodostaj") VALUES ('Beograd','Sava','april',17,12,9,550,9,110);
INSERT INTO "HidroStanica"."StanjeStanica" ("stanicaid","rekaid","mesec","dan","sat","promenavodostaja","proticaj","temperatura","vodostaj") VALUES ('Smederevo','Dunav','januar',3,7,1,4850,2,509);
INSERT INTO "HidroStanica"."StanjeStanica" ("stanicaid","rekaid","mesec","dan","sat","promenavodostaja","proticaj","temperatura","vodostaj") VALUES ('Smederevo','Dunav','januar',3,9,-1,4851,2,508);
INSERT INTO "HidroStanica"."StanjeStanica" ("stanicaid","rekaid","mesec","dan","sat","promenavodostaja","proticaj","temperatura","vodostaj") VALUES ('Smederevo','Dunav','januar',3,11,0,4851,3,508);
INSERT INTO "HidroStanica"."StanjeStanica" ("stanicaid","rekaid","mesec","dan","sat","promenavodostaja","proticaj","temperatura","vodostaj") VALUES ('Smederevo','Dunav','januar',3,15,0,4855,4,508);
INSERT INTO "HidroStanica"."StanjeStanica" ("stanicaid","rekaid","mesec","dan","sat","promenavodostaja","proticaj","temperatura","vodostaj") VALUES ('Smederevo','Dunav','januar',3,19,-5,4855,3,503);
INSERT INTO "HidroStanica"."StanjeStanica" ("stanicaid","rekaid","mesec","dan","sat","promenavodostaja","proticaj","temperatura","vodostaj") VALUES ('Smederevo','Dunav','januar',4,7,-10,4850,2,494);
INSERT INTO "HidroStanica"."StanjeStanica" ("stanicaid","rekaid","mesec","dan","sat","promenavodostaja","proticaj","temperatura","vodostaj") VALUES ('Smederevo','Dunav','januar',4,11,2,4850,3,496);
INSERT INTO "HidroStanica"."StanjeStanica" ("stanicaid","rekaid","mesec","dan","sat","promenavodostaja","proticaj","temperatura","vodostaj") VALUES ('Smederevo','Dunav','januar',4,15,-1,4850,4,495);
INSERT INTO "HidroStanica"."StanjeStanica" ("stanicaid","rekaid","mesec","dan","sat","promenavodostaja","proticaj","temperatura","vodostaj") VALUES ('Smederevo','Dunav','januar',5,13,-10,4860,5,485);
INSERT INTO "HidroStanica"."StanjeStanica" ("stanicaid","rekaid","mesec","dan","sat","promenavodostaja","proticaj","temperatura","vodostaj") VALUES ('Smederevo','Dunav','januar',5,16,1,4860,5,486);
INSERT INTO "HidroStanica"."StanjeStanica" ("stanicaid","rekaid","mesec","dan","sat","promenavodostaja","proticaj","temperatura","vodostaj") VALUES ('Zajecar','Beli Timok','januar',7,20,1,46,1,-78);
INSERT INTO "HidroStanica"."StanjeStanica" ("stanicaid","rekaid","mesec","dan","sat","promenavodostaja","proticaj","temperatura","vodostaj") VALUES ('Zajecar','Beli Timok','jun',7,6,10,2000,12,20);
INSERT INTO "HidroStanica"."StanjeStanica" ("stanicaid","rekaid","mesec","dan","sat","promenavodostaja","proticaj","temperatura","vodostaj") VALUES ('Zajecar','Beli Timok','jun',7,12,4,800,18,120);
INSERT INTO "HidroStanica"."StanjeStanica" ("stanicaid","rekaid","mesec","dan","sat","promenavodostaja","proticaj","temperatura","vodostaj") VALUES ('Raska','Ibar','januar',5,3,5,500,2,89);
INSERT INTO "HidroStanica"."StanjeStanica" ("stanicaid","rekaid","mesec","dan","sat","promenavodostaja","proticaj","temperatura","vodostaj") VALUES ('Raska','Ibar','januar',5,10,15,800,3,102);
INSERT INTO "HidroStanica"."StanjeStanica" ("stanicaid","rekaid","mesec","dan","sat","promenavodostaja","proticaj","temperatura","vodostaj") VALUES ('Raska','Ibar','januar',5,14,15,1100,4,88);
INSERT INTO "HidroStanica"."StanjeStanica" ("stanicaid","rekaid","mesec","dan","sat","promenavodostaja","proticaj","temperatura","vodostaj") VALUES ('Novi Pazar','Raska','jun',8,7,3,90,8,35);
INSERT INTO "HidroStanica"."StanjeStanica" ("stanicaid","rekaid","mesec","dan","sat","promenavodostaja","proticaj","temperatura","vodostaj") VALUES ('Novi Pazar','Raska','jun',8,13,7,150,13,29);
INSERT INTO "HidroStanica"."StanjeStanica" ("stanicaid","rekaid","mesec","dan","sat","promenavodostaja","proticaj","temperatura","vodostaj") VALUES ('Novi Pazar','Raska','jun',8,15,5,120,16,29);
INSERT INTO "HidroStanica"."StanjeStanica" ("stanicaid","rekaid","mesec","dan","sat","promenavodostaja","proticaj","temperatura","vodostaj") VALUES ('Pirot','Nisava','jul',15,7,2,88,6,88);
INSERT INTO "HidroStanica"."StanjeStanica" ("stanicaid","rekaid","mesec","dan","sat","promenavodostaja","proticaj","temperatura","vodostaj") VALUES ('Pirot','Nisava','jul',15,11,5,550,11,110);
INSERT INTO "HidroStanica"."StanjeStanica" ("stanicaid","rekaid","mesec","dan","sat","promenavodostaja","proticaj","temperatura","vodostaj") VALUES ('Pirot','Nisava','jul',15,15,2,1100,15,112);
INSERT INTO "HidroStanica"."StanjeStanica" ("stanicaid","rekaid","mesec","dan","sat","promenavodostaja","proticaj","temperatura","vodostaj") VALUES ('Nis','Nisava','jul',15,7,2,88,6,88);
INSERT INTO "HidroStanica"."StanjeStanica" ("stanicaid","rekaid","mesec","dan","sat","promenavodostaja","proticaj","temperatura","vodostaj") VALUES ('Nis','Nisava','jul',15,11,5,550,11,110);
INSERT INTO "HidroStanica"."StanjeStanica" ("stanicaid","rekaid","mesec","dan","sat","promenavodostaja","proticaj","temperatura","vodostaj") VALUES ('Nis','Nisava','jul',15,15,2,1100,15,112);
INSERT INTO "HidroStanica"."StanjeStanica" ("stanicaid","rekaid","mesec","dan","sat","promenavodostaja","proticaj","temperatura","vodostaj") VALUES ('Novi Sad','Dunav','april',16,9,2,99,4,29);
INSERT INTO "HidroStanica"."StanjeStanica" ("stanicaid","rekaid","mesec","dan","sat","promenavodostaja","proticaj","temperatura","vodostaj") VALUES ('Novi Sad','Dunav','april',16,12,9,200,6,35);
INSERT INTO "HidroStanica"."StanjeStanica" ("stanicaid","rekaid","mesec","dan","sat","promenavodostaja","proticaj","temperatura","vodostaj") VALUES ('Novi Sad','Dunav','april',17,12,9,550,9,110);
INSERT INTO "HidroStanica"."StanjeStanica" ("stanicaid","rekaid","mesec","dan","sat","promenavodostaja","proticaj","temperatura","vodostaj") VALUES ('Priboj','Lim','januar',21,7,3,450,3,28);
INSERT INTO "HidroStanica"."StanjeStanica" ("stanicaid","rekaid","mesec","dan","sat","promenavodostaja","proticaj","temperatura","vodostaj") VALUES ('Priboj','Lim','januar',21,11,6,880,4,55);
INSERT INTO "HidroStanica"."StanjeStanica" ("stanicaid","rekaid","mesec","dan","sat","promenavodostaja","proticaj","temperatura","vodostaj") VALUES ('Priboj','Lim','januar',21,14,6,1005,5,120);
INSERT INTO "HidroStanica"."StanjeStanica" ("stanicaid","rekaid","mesec","dan","sat","promenavodostaja","proticaj","temperatura","vodostaj") VALUES ('Prijeprolj','Lim','januar',21,7,6,1100,3,55);
INSERT INTO "HidroStanica"."StanjeStanica" ("stanicaid","rekaid","mesec","dan","sat","promenavodostaja","proticaj","temperatura","vodostaj") VALUES ('Prijeprolj','Lim','januar',21,11,6,880,4,33);
INSERT INTO "HidroStanica"."StanjeStanica" ("stanicaid","rekaid","mesec","dan","sat","promenavodostaja","proticaj","temperatura","vodostaj") VALUES ('Prijeprolj','Lim','januar',21,14,6,1005,5,120);
INSERT INTO "HidroStanica"."StanjeStanica" ("stanicaid","rekaid","mesec","dan","sat","promenavodostaja","proticaj","temperatura","vodostaj") VALUES ('Bajina Basta','Drina','januar',7,5,0,700,1,13);
INSERT INTO "HidroStanica"."StanjeStanica" ("stanicaid","rekaid","mesec","dan","sat","promenavodostaja","proticaj","temperatura","vodostaj") VALUES ('Bajina Basta','Drina','jun',7,5,3,300,7,20);
INSERT INTO "HidroStanica"."StanjeStanica" ("stanicaid","rekaid","mesec","dan","sat","promenavodostaja","proticaj","temperatura","vodostaj") VALUES ('Bajina Basta','Drina','jun',7,10,8,300,12,31);
INSERT INTO "HidroStanica"."StanjeStanica" ("stanicaid","rekaid","mesec","dan","sat","promenavodostaja","proticaj","temperatura","vodostaj") VALUES ('Bajina Basta','Drina','jun',7,14,8,320,15,29);